<?xml version="1.0" encoding="UTF-8"?>
<project-private xmlns="http://www.netbeans.org/ns/project-private/1">
    <editor-bookmarks xmlns="http://www.netbeans.org/ns/editor-bookmarks/2" lastBookmarkId="0"/>
    <open-files xmlns="http://www.netbeans.org/ns/projectui-open-files/2">
        <group>
            <file>file:/D:/Cursos/Digitaldos/Labsdigitaldos/lab2/lab02.X/lab2.c</file>
            <file>file:/D:/Cursos/Digitaldos/Labsdigitaldos/lab2/lab02.X/ADC.h</file>
            <file>file:/D:/Cursos/Digitaldos/Labsdigitaldos/lab2/lab02.X/Multiplexado.h</file>
        </group>
    </open-files>
</project-private>
